label,file,caption
avizo_vs_cca,figures\avizo_vs_cca.png,Avizo (manual) vs pipeline CCA on the same cluster/timestep: overlap MIP and per-slice voxel profile.
saturation_coherence,figures\saturation_coherence.png,"Per-section box-local saturation vs whole-volume saturation per timestep, and the across-section spread."
avizo_vs_cca,figures\avizo_vs_cca.png,Avizo (manual) vs pipeline CCA on the same cluster/timestep: overlap MIP and per-slice voxel profile.
avizo_vs_cca,figures\avizo_vs_cca.png,Avizo (manual) vs pipeline CCA on the same cluster/timestep: overlap MIP and per-slice voxel profile.
kabs_validation,figures\kabs_validation.png,Absolute permeability: (a) pipeline vs Parente distributions; (b) per-track values against Parente's range.
kabs_validation,figures\kabs_validation.png,Absolute permeability: (a) pipeline vs Parente distributions; (b) per-track values against Parente's range.
kabs_validation,figures\kabs_validation.png,Absolute permeability: (a) pipeline vs Parente distributions; (b) per-track values against Parente's range.
kr_vs_sw_comparison,figures\kr_vs_sw_comparison.png,"Relative permeability vs saturation, pipeline vs Parente, with her modified-Corey curves; linear (a) and logarithmic (b)."
rev_effect,figures\rev_effect.png,Section Z-extent vs absolute permeability; the negative correlation is the REV effect — thin sections are least representative.
solver_convergence,figures\solver_convergence.png,Distribution of the residual error bound reached by the GeoDict LIR solver across all simulations; all below the 1e-2 target.
flow_crop_profile_t2_s0,figures\flow_crop_profile_t2_s0.png,Cluster cross-section per z-slice for track 2; the 10% line trims tapering tips that would otherwise throttle the flow simulation.
